model,topic,top_words,example_docs,label,interpretable
"(30, 50)",0,"['photos', 'fashion', 'style', 'new', 'week', 'look', 'video', 'star', 'check', 'like']","['Carrie Underwood And Brad Paisley Call Out The Election That Never Seems To End At CMAs. ""We don’t even care who wins.""', 'Taraji, Kerry And Mary J. Redefine Squad Goals In New Apple Commercial. Unprecedented amounts of Black Girl Magic in only 62 seconds.', 'Vanna White Style Evolution: \'Wheel Of Fortune\' Hostess Has A Thing For Sequins (PHOTOS). The long-time ""Wheel Of Fortune"" hostess has been a staple in American living rooms for over three decades. And while technological', 'The 2012 MTV Movie Awards Swag Suites. The MTV Movie Awards were held this past weekend and this year a record number of gifting suites tied to the event were held, gifting everything from the latest in skincare, fashions, accessories, toys, pet products and more.', 'Kirsten Dunst Does Minimalism Right (PHOTO). Less is definitely more.']",Celebrity & Style News,yes
"(30, 50)",1,"['trump', 'donald', 'president', 'clinton', 'gop', 'obama', 'house', 'hillary', 'says', 'white']","['68 Public College Presidents Make More Than President Obama. ', ""Donald Trump Is Making Someone Else Face The Cameras To Announce DACA's Fate. Attorney General Jeff Sessions, a vocal opponent of the Obama-era program, will do the job instead on Tuesday. And he won't be taking questions."", 'The GOP Health Bill Is An Assault On People Of Color. The American Health Care Act is a rich person’s bonanza. Under the plan proposed by House Republicans, each of the nation’s', ""Voter Fraud Commissioner Is Suing The Panel Trump Tapped Him To Serve On. Maine Secretary of State Matthew Dunlap has expressed frustration over the lack of information on the commission's activities."", 'Immigrant Scapegoating Didn’t Start Under Trump—It Was ‘Greatly Accelerated’ Under Clinton. In this week’s episode of Scheer Intelligence, Robert Scheer interviews attorney Bill Blum, a Truthdig columnist and a lecturer']",Trump-era U.S. Politics,yes
"(30, 50)",2,"['photos', 'summer', 'travel', 'world', 'new', 'beach', 'island', 'trip', 'city', 'best']","['Around the World in Eight Days. The eight day trip started out with an absolutely must see stop at the Tsukiji Fish Market at 5 a.m. Even at that hour the place is bustling with activity.', 'View From A Helicopter Proves Miami Truly Is The Magic City. ', 'CityLove Goes to Boise, Idaho. The future for this neighborhood will certainly be complicated and something the National Trust will be monitoring with great', 'Mountain Lion Tracked By Scientists Is Found Dead Near Malibu Road. The loss of the famed cougar is one more reason for a California wildlife corridor to protect the big cats, animal advocates say.', ""Get These Last-Minute Summer Travel Deals Before They're Gone. Spontaneous travel doesn't have to come at a steep price.""]",Travel & Photos,partially
"(30, 50)",3,"['food', 'recipes', 'make', 'eating', 'cooking', 'kitchen', 'foods', 'healthy', 'eat', 'recipe']","['How Eating Probiotic-Rich Can Protect You From Heart Disease. While gut health and heart disease may seem unrelated at first glance, it turns out that the friendly bacteria living in our intestines may offer more benefits to our health than we ever imagined.', 'Marla Lopez Picky Eater: 54-Year-Old Only Eats White Bread, Potatoes And Milk. According to the Mayo Clinic, health problems can often ensue when adults are extremely picky with what they consume. Psychosocial', 'The Best Fruit, In Order (PHOTOS). Did your favorite come in first?', ""Five Things Your Kitchen Really Needs. I recently wrote about the things a kitchen really doesn't need, but who am I kidding?  For us Americans, the real fun is talking about what we do need."", 'Refrigerator Magnet Designs: How To Pimp Your Fridge (PHOTOS). Sure, you know that you can trick out your stand mixer, but did you know that you can also pimp your fridge? Yep, you read']",Food & Cooking,yes
"(30, 50)",4,"['life', 'meditation', 'things', 'mindfulness', 'lives', 'good', 'people', 'really', 'gps', 'self']","[""This May Be The Secret To Empathy. Hint: You don't have to be selfless to feel it."", ""What's Your Passion? Isn't It Time to Reinvent Your Life and Do Something You Love?. Sometimes we forget what we love as we go through the motions of life. We talk about reinvention, but sometimes it's hard to figure out where to start."", 'INFOGRAPHIC: A 7-Step Roadmap to Unlocking Your Potential. Countless thinkers and authors throughout the ages and various schools of science have attempted to demystify the human psyche and what really make us tick.', ""At the Top of My Lungs: GLAMOUR-Us. I worked hard for a lot of years and genuinely enjoyed working.  But I have to say that I enjoy not working even more.  I see friends, exercise every day, read whole books, and when I feel tired I take a nap.  All in all it's a pretty nice life, except for the part where I have lung cancer."", 'Peaceful Pumpkin Art (PHOTOS). The stress and strain of constantly being connected can sometimes take your life -- and your well-being -- of course. GPS']",Life Advice & Mindfulness,yes
"(30, 50)",5,"['parents', 'child', 'parenting', 'parent', 'mom', 'children', 'love', 'kids', 'moms', 'dad']","[""After Infertility: Saying Goodbye To My Stash Of ‘For Future Baby' Clothes. There is a baby in my head. He’s the one that I thought I would have someday. His name is Oliver, though my husband and I"", 'Dad Finds Porn On Son\'s Computer, Writes Thoughtful Letter. Over on The Good Men Project, Cooper Fleishman agreed that the letter is ""enlightened"" but wonders if dad had a responsibility', 'Best Parenting Tweets: What Moms And Dads Said On Twitter This Week. Kids may say the darndest things, but parents tweet about them in the funniest ways. So each week, we round up the most hilarious', ""6 Intimate Details You Can Tell Just By Looking At Someone. Want to determine whether your date can hold their liquor or if they even like you? It's amazing what you can learn by some"", 'Summertime... How Do I Get My Children Everywhere?. There are new carpools shifts to drive, camps to get to, play dates to arrange, swimming lessons to sign up for and so much more. How does a parent manage?']",Parenting,partially
"(30, 50)",6,"['game', 'football', 'players', 'games', 'vs', 'baseball', 'nba', 'sports', 'win', 'team']","['Makers Of Sony’s ‘Concussion’ Film Tried To Prevent Angering N.F.L., Emails Show. When Sony Pictures Entertainment decided to make a movie focusing on the death and dementia professional football players', ""OK Pats Fan, Now That's A Bit Much. ¡Viva la Patriots!"", 'Baseball Is Broken: Only I Know How To Fix It. Even Springsteen stops the show after three hours.', 'Derek Jeter Fakes Out Opponent To Start Double Play. ', ""There Was A Shooting Near The Golden State Warriors' Parade. What a terrible shame.""]",Sports,yes
"(30, 50)",7,"['iraq', 'isis', 'syria', 'war', 'afghanistan', 'military', 'forces', 'killed', 'syrian', 'government']","['U.S. Bombers Strike ISIS Targets In Libya. WASHINGTON, Jan 19 (Reuters) - More than 80 Islamic State militants, some of whom were believed to be plotting attacks in', ""Jordan Bombs More ISIS Targets In Retaliation For Pilot's Death. "", 'U.S. Plans To Step Up Military Campaign Against ISIS. The Obama administration is preparing to broaden its military campaign against the Islamic State in Iraq and Syria by increasing', 'The Syrian Badlands. The Syrian imbroglio is the most complex politico-military conflict of modern times.\xa0 In terms of number of players, diversity', ""Aboutreika: Bridging Egyptian Polarization or Signalling a Shift in Attitudes?. Few are able to bridge Egypt's deeply polarizing divide between supporters and opponents of the Muslim Brotherhood following the 2013 military coup that toppled President Mohammed Morsi.""]",Middle East Conflict & War (ISIS/Syria),yes
"(30, 50)",8,"['gay', 'lgbt', 'lgbtq', 'marriage', 'transgender', 'equality', 'community', 'people', 'queer', 'trans']","['How A Top Christian School Turned Against Its Gay Leader. I had been a gay Christian blogger for several years when Wheaton College reached out to me in June of 2014. A ministry associate', ""Spain's Elderly LGBT Community Is Getting Its First Retirement Home. "", ""On The Campaign Trail With Mel Wymore, The Man Who Could Become New York's First Openly Trans Politician. Although he doesn't focus on his gender identity while campaigning, he doesn't ignore it either. Strolling down Amsterdam"", ""Older Gay Men Try Out 'New Gay' Slang In This Hilarious Video. “You guys are watching too much RuPaul.”"", 'The Simple, Self-Evident Truths Of Transgender Kids, Equality And Title IX. Let us challenge traditions rooted in biases and irrational fears.']",LGBTQ Rights & Issues,yes
"(30, 50)",9,"['police', 'man', 'cops', 'shooting', 'suspect', 'officers', 'arrest', 'arrested', 'shot', 'officer']","[""Florida's 'Stand Your Ground' Law Linked To Surge In Homicides. As soon as the law took effect, homicide rates spiked."", 'Suspect Reportedly Arrested Over Explosives Sent To Washington, D.C. Area. The FBI was expected to disclose the arrest on Tuesday, a source said.', 'Police Chief Releases New, Graphic Videos Of Alton Sterling Shooting. ""I\'m going to shoot you in your f**king head,"" one of the officers can be heard saying in the video.', 'Police Suspended For Swearing At Students After Fed Up Bus Driver Calls 911 (VIDEO). ""No disciplinary action was taken against any of the students aboard the bus,” Craig Harper, chief administrative officer', 'Tennessee Man Convicted Of Plot To Round Up Militia, Attack Muslim Community. Robert Doggart, 65, will be sentenced in May.']",Crime & Policing,yes
"(30, 50)",10,"['wedding', 'weddings', 'proposal', 'couple', 'video', 'guest', 'marriage', 'photos', 'bridal', 'planning']","['Weddings And The Art Of Parental Wrangling - CNN.com. (Martha Stewart Weddings) -- Weddings are a glorious celebration of the union of two souls where were blessed enough to find', ""Destination Wedding Disaster - Bad Love Stories. In an effort to search for love, I listen to all sorts of stories. Good ones, bad ones, hilarious ones, scary ones... there's no shortage of stories out there."", 'The Making Of \'No Reservations\' (VIDEO). A new web-video series shows the behind-the-scenes making of Anthony Bourdain\'s ""No Reservations,"" giving a unique look at', ""25 Reasons To Appreciate Your Best Friends On Your Wedding Day. By Kristen Klein for Bridal Guide Your main focus on your wedding day will (rightfully so) be your spouse-to-be, but don't"", ""Awkward Couple Photos: Funniest Holiday Couple Pics From Awkward Family Photos. We love getting photo cards from our couple friends around the holidays; they're often silly, sweet and reflective of the""]",Weddings,partially
"(30, 50)",11,"['climate', 'change', 'water', 'global', 'warming', 'flint', 'coal', 'action', 'california', 'sustainable']","['Kerry Says Climate Change A Major Threat To Indonesians\' Way Of Life, Urges Nations To Act. Speaking to students, Kerry derided sceptics of the view that human activity causes global warming as ""shoddy scientists', 'Jane Goodall Says Trump’s Efforts To Derail Climate Action Are ‘Immensely Depressing\'. Despite the ""gloom and doom"" the conservationist feels in the U.S., she also finds hope in a new awakening.', ""There's Almost No Chance Of Meeting Paris Climate Goals, Warns Grim New Study. “If we want to avoid 2 degrees Celsius, we have very little time left. The public should be very concerned.”"", 'Overcoming Obstacles to Agroecology. The silence surrounding agroecology is profoundly disturbing. Proposals for ""sustainable intensification"" or ""climate smart"" GMOs can only be peddled as answers to the problems of hunger and global warming by studiously avoiding agroecological science and practice.', 'The Dangerous Belief That Extreme Technology Will Fix Climate Change. It boils down to a failure to question capitalism, civilization, and the notion of progress.']",Climate Change & Environment,yes
"(10, 50)",0,"['trump', 'donald', 'president', 'clinton', 'gop', 'obama', 'house', 'hillary', 'white', 'republican']","[""Redditors Tweak Melania Trump's Calligraphy To Send Amusing Messages. It didn't take long."", 'GOP Victories Blunt Hopes Of Medicaid Expansion. ', 'Obama Tests His Comedy Skills On A Cuban Sketch Show. ""Obama, Obama, so nice you came to Havana!""', ""Donald Trump's Lawyer Apologizes For 'Inarticulate Comment' About Spousal Rape. He also threatened The Daily Beast for publishing the comment in the first place."", 'Fired Trump Adviser Tells Moscow Audience How Great Exxon CEO Would Be For Russia. Carter Page, kicked off the campaign because of his ties to Russia, says he\'s ""personally excited"" about the likely secretary of State pick.']",Trump-era U.S. Politics,partially
"(10, 50)",1,"['photos', 'fashion', 'style', 'week', 'new', 'art', 'video', 'look', 'star', 'best']","[""Harry Potter Was The Undisputed Star Of Woody Harrelson's Live Film. Based on a true story."", 'Sarah Michelle Gellar: \'I\'ve Learned To Embrace Flats\' (VIDEO). ""I\'ve learned to embrace flats!"" says Gellar, who stopped by HuffPost Live to chat about her latest work on the new CBS series', ""Why It Would Actually Make Sense For Shailene Woodley To Be In The 'O.C.' Musical. California here she comes?"", ""Lena Dunham, Selena Gomez & More Honored At Glamour's Women Of The Year Awards (PHOTOS). We totally wish we could've done the same thing."", ""The '90s Just For Me Hair Relaxer Commercial Song Is Stuck In Our Heads (VIDEO). Back in the '90s, the Just for Me hair relaxer was one of the most popular straightening treatments for African-American""]",Style & Entertainment News,yes
"(10, 50)",2,"['photos', 'summer', 'travel', 'trip', 'beach', 'new', 'island', 'world', 'city', 'best']","[""If This Isn't The Most Charming Way To Travel, We Don't Know What Is. "", ""Odin The Dog, Abandoned And In Pain, Saved By Rescue But Now Needs A Home. Odin turned up at the shelter with a severe medical condition in his left eye. His previous owners did not provide treatment, and probably didn't even realize the severe pain this condition caused him."", '7 Surprising Things That Are Banned From Disney Parks (And 3 That Are Totally Fine). Even the happiest place on earth has rules.', 'The Real Cost Of Scuba Diving. Four decades after the movie ""Jaws"" gave shivers to ocean lovers, many would-be scuba divers still fear a face-to-face encounter', 'A New Orleans Playlist For Your Summer Trip (LISTEN). With its carefree charm and revelrous reputation, New Orleans has become an American travel destination. As the birthplace']",Travel & Leisure,partially
"(10, 50)",3,"['food', 'recipes', 'make', 'eating', 'kitchen', 'foods', 'healthy', 'cooking', 'eat', 'recipe']","[""Sushi Donuts Are Here, So Prepare Yourselves. We'll take a dozen sushi donuts ... actually, make that two."", 'Beer Jelly: The Perfect Accompaniment To Cheese And Crackers. Because everybody wants a peanut butter and beer sandwich, right?', 'Top 5 Tastes: Asian Cuisine in the East Village. ', 'Fortune Cookies Fun Facts. But were too lazy to find out.', ""Recipe Of The Day: Cinnamon Polenta Pancakes. Yesterday's biscuit sandwich recipe left us wanting more breakfast. And so naturally, pancakes have been on our minds. No""]",Food & Cooking,yes
"(10, 50)",4,"['child', 'parents', 'parenting', 'children', 'kids', 'parent', 'baby', 'mom', 'love', 'dad']","['\'I Don\'t Want to Go:\' When Your Teen Wants Out of Your Summer Family Vacation. Although teens usually send out some preliminary signals of not wanting to accompany the family on its vacation, we are usually caught off guard when our child actually utters the words ""I don\'t want to go.""', ""'My Mom Was So Much Fun' -- A New Year's Resolution. As an adult who spends hours on the computer for work during the day, I bet I am not always the “fun” mom I think I am."", 'How to Teach Kids About Their Privates. When it comes to pee-pees and hoo-has, some parents get all fired up about when we should teach our kids about their... um... ""down there"" privates, and what to call them.', ""10 Lies We Tell Ourselves Before We Have Kids. I'm going to let them cry it out... for five minutes until I go back in begging them to go back to sleep while considering climbing into the crib with them."", ""25 Tips For A Healthier Relationship. You've tamed the laundry, hit a home run at work and dished up a family dinner. Forget anything? Oh, right -- your partner""]",Parenting,yes
"(10, 50)",5,"['life', 'fear', 'things', 'meditation', 'people', 'really', 'like', 'good', 'lives', 'feel']","['Taking Control of My Health Meant Taking Control of My Life. I decided to take control of my life and for the first time in my 28 years, listen to my own voice -- not what other people thought or what I thought was true from the media.', ""Try Not To Cry Watching This Inspiring Teacher Get Surprised On 'Ellen'. Pass the tissues."", 'The Science of Possibility. In my previous career, I worked with some really smart folks. When I told them I was becoming a life coach, their reactions were a mix of vague support and uncertainty as to what I was actually doing with my life. And to be honest, I wasn\'t always sure either. I often asked myself: ""Am I making the right choice?""', 'Is Your Outdated Career Map Leading You Astray?. If you have been tending to your career lovingly for many years, you will be able to visit your career map in light of this new discovery, decide what on the map still resonates with you and what doesn\'t (even massive changes will carry some elements of your ""old life"" into the new), and chart a new course.', 'Meditation and My New Normal. I was suddenly overwhelmed by this peacefulness throughout my being. With so much outside of my control which was very difficult for my Type A personality tendencies, all I knew was of the present moment.']",Life Advice & Self-Help,yes
"(10, 50)",6,"['police', 'black', 'man', 'cops', 'shooting', 'shot', 'ferguson', 'old', 'car', 'arrested']","[""Queen Latifah: Americans 'Don't Need To Be Enemies Of The Police'. The actress said this week's traumatic news is impossible for her ignore."", '15-Year-Old Airlifted To Dallas Hospital After High School Shooting. The 16-year-old suspect is in custody.', ""911 Caller Told Police About 'Mentally Ill' Man Prior To North Miami Shooting. The responding officer shot health worker Charles Kinsey while he attended to a patient."", 'Prince Carl-Philip Attacked Outside Nightclub In Cannes (VIDEO). Watch the shocking footage of Prince Carl-Philip getting attacked in Cannes: Prince Carl Philip was the victim of an unprovoked', ""JAY-Z's '4:44' Makes Room For Black Men To Be Vulnerable. The mogul is using his platform and latest album to examine black male mortality and its impact on those around us.""]",Police Shootings & Race,partially
"(10, 50)",7,"['iraq', 'isis', 'syria', 'afghanistan', 'syrian', 'war', 'military', 'government', 'islamic', 'forces']","['UK Faces Biggest Terrorism Threat In Its History: Minister. ', 'A Deepening Political Crisis In Pakistan. Pakistan’s Prime Minister Nawaz Sharif is under intense pressure from the political opposition and sections of the media', 'Egypt Death Sentences. Egypt death sentences', 'Palestinian Journalist Killed In Israel-Gaza Protests. Yasser Murtaja, a cameraman for Palestinian Ain Media, was the 29th Palestinian killed in the week-long protests.', 'U.S.: Russia Sent Tanks, Rocket Launchers To Rebels In Ukraine. ']",Global Conflict & War News,partially
"(10, 50)",8,"['game', 'football', 'players', 'vs', 'nfl', 'baseball', 'nba', 'dies', 'win', 'team']","[""Can a Rookie Get Lucky?. The A's have finally figured out how to win games.  Collectively the offense has improved as well as the defense."", 'NBA Commissioner Speaks Out On Clippers Owner Controversy. ', '3 Moves To Prevent Injuries. ', 'Tony Romo, Matthew Stafford, Matt Ryan: A Tale Of 3 Quarterbacks. Romo has a tremendous amount of leverage in negotiations with the Cowboys because of his 2011 contract restructure and the', 'Comedian Jerry Lewis Dead At 91. The beloved comic enjoyed a decades-long career.']",Sports,partially
"(10, 50)",9,"['gay', 'lgbt', 'lgbtq', 'transgender', 'marriage', 'equality', 'people', 'community', 'trans', 'women']","[""How Laramie's LGBT Decision Awakens Us. After 17 years of dogmatic slumber and denial over the grisly murder of University of Wyoming student Matthew Shepard, Laramie's City Council passed the state's first broad LGBT protection ordinance."", 'Thailand Makes HUGE Move For Its LGBT Community. ', ""Here's A Fact-Check On Milo Yiannopoulos' Incendiary Claims About Trans People. In short: He's wrong, wrong, wrong. Absolutely wrong."", 'Equinox Explores The Fundamentals Of LGBTQ Life In Stunning New Pride Video. The clip uses the alphabet to express ""the color, variation and realness"" of identity.', 'Women In Construction Offer Advice For Dealing With Sexism From Male Colleagues. ']",LGBTQ Rights & Issues,yes
"(10, 50)",10,"['wedding', 'weddings', 'proposal', 'marriage', 'video', 'couple', 'guest', 'married', 'couples', 'bridal']","['10 Things I Learned About Weddings In 2012. The greatest gift parents can give their children and other wisdom from an officiant.', 'County Clerk\'s Religious Marriage Poster Removed After Public Outcry. The clerk said it was just a ""celebration of marriage,"" but email records allegedly say otherwise.', ""4 Ways to Modernize the Traditional Wedding Shower. Oohing and aahing over a bunch of gifts that are straight off the registry can get a little boring, and the games leave something to be desired. But they don't have to be a bummer."", 'Geeky Marriage Proposal Advice For Lovestruck Nerds (INFOGRAPHIC). Check out this infographic from Neomam Infographic Studios, which breaks down everything a nerd needs to know about proposing', ""Kate Winslet, Leonardo DiCaprio And 11 Other Celeb Co-Stars Who Participated In Big Days. Keep in touch! Check out HuffPost Weddings on Facebook, Twitter and Pinterest. Sure, celebs often attend each others' weddings""]",Weddings & Marriage,yes
"(10, 50)",11,"['drug', 'addiction', 'ebola', 'drugs', 'fda', 'outbreak', 'zika', 'tobacco', 'health', 'treatment']","['How We Can Help Prevent The Next Global Outbreak. ', ""Obama Considering Appointing An Ebola 'Czar' To Lead U.S. Effort. "", ""The Days of Our Lives, One Day at a Time. Unfortunately, CBT is not readily available to everyone who might benefit from the therapy. It's rarely used in settings where addicts are typically treated, in large part because there are not enough well-trained therapists to meet the need."", 'Adasuve: FDA Approves First Inhaled Treatment For Schizophrenia And Bipolar Disorder. Dec 21 (Reuters) - Alexza Pharmaceuticals Inc said the U.S. health regulators approved Adasuve, making it the first treatment', ""Here's What Americans Think The U.S. Should Do About Ebola. ""]","Public Health: Outbreaks, Drugs & FDA",yes
"(10, 50)",12,"['climate', 'change', 'water', 'coal', 'warming', 'global', 'flint', 'california', 'says', 'energy']","['Another Town Gripped By Fear Over Lead-Tainted Tap Water. Schools in Sebring, Ohio, have been closed for three straight days. The town says it was kept in the dark.', ""Democracy and the People's Climate March. Revitalizing American traditions of empowering grassroots action and democratic aspiration could give the climate movement appeal far beyond the ranks of the highly committed"", ""Flint Residents Shocked By State's Decision To End Bottled Water Delivery. City and state officials said they received little advance warning of the decision."", 'Teach Your Kids That Economy and Ecology Are Related. We are now going into ""debt"" with our planet by producing too much pollution that can\'t be absorbed and recycled.', 'Climate Oscillations and the Global Warming Faux Pause. No, climate change is not experiencing a hiatus. No, there is not currently a ""pause"" in global warming. Despite widespread such claims in contrarian circles, human-caused warming of the globe proceeds unabated.']",Climate Change & Environment,yes
"(10, 50)",13,"['online', 'mobile', 'devices', 'phone', 'smartphone', 'technology', 'teens', 'iphone', 'internet', 'digital']","['Above Average Has Completely Revolutionized The iPhone ... Parody Video. So stylish. So intuitive. So ... timely internet content.', 'Teens Will Risk WHAT For Their Phones?. Watch your back -- and your teens\' -- if anything comes between them and what one researcher calls their ""electronic security blanket.""', 'WhatsApp Finally Adds Fully-Encrypted Video Calling Service. The new service will provide another means for people to communicate without fear of eavesdropping.', 'Medical Devices Need To Be Protected Against Cyber Threats: FDA. The risk of breaches has grown as devices have become increasingly interconnected, via the Internet, hospital networks, other', ""Why Not Everyone Wants The Latest iPhone. Remember flip phones? They're still here.""]",Technology & Digital Life,yes
